{"final":61,"warps":{"1":{"x":12.543192561877822,"y":-48.0,"z":-53.300814214624566,"yaw":-1.2003174,"pitch":47.09996,"world":"world"},"2":{"x":12.488235131690653,"y":-60.0,"z":9.74864569854631,"yaw":-1.2001038,"pitch":41.09996,"world":"world"},"3":{"x":28.85987904614842,"y":-55.0,"z":32.55650658381153,"yaw":-102.89984,"pitch":41.09993,"world":"world"},"4":{"x":7.309618303189076,"y":-42.0,"z":34.606377265545255,"yaw":90.75037,"pitch":43.19996,"world":"world"},"5":{"x":18.599567163898755,"y":-36.0,"z":12.664619836257305,"yaw":-35.099346,"pitch":46.349888,"world":"world"},"6":{"x":40.173854240492766,"y":-21.0,"z":27.516636064249685,"yaw":77.700615,"pitch":38.54982,"world":"world"},"7":{"x":27.465953449856734,"y":-14.0,"z":35.666838068673414,"yaw":-7.3494477,"pitch":26.399876,"world":"world"},"8":{"x":18.156808167964677,"y":-12.0,"z":40.40987144454004,"yaw":108.45047,"pitch":35.699863,"world":"world"},"9":{"x":23.16380599809041,"y":-22.0,"z":45.43891631820184,"yaw":83.552185,"pitch":35.099678,"world":"world"},"10":{"x":42.45796616169696,"y":-13.0,"z":41.32982670200242,"yaw":-177.29858,"pitch":39.599655,"world":"world"},"11":{"x":45.39730937623354,"y":-2.0,"z":27.725929360623198,"yaw":-1.5007324,"pitch":42.29962,"world":"world"},"12":{"x":36.59145524494242,"y":0.0,"z":16.443734361261882,"yaw":137.39954,"pitch":36.449562,"world":"world"},"13":{"x":17.407701546901936,"y":3.0,"z":31.928733840184602,"yaw":-4.3502197,"pitch":45.599594,"world":"world"},"14":{"x":32.47274517897665,"y":10.0,"z":29.57127407919579,"yaw":40.34973,"pitch":35.399544,"world":"world"},"15":{"x":9.55045130792708,"y":19.0,"z":26.737790291346492,"yaw":13.801514,"pitch":6.7495985,"world":"world"},"16":{"x":23.863377628126965,"y":21.0,"z":19.582615115657518,"yaw":-76.64746,"pitch":37.949535,"world":"world"},"17":{"x":29.715651570186676,"y":23.0,"z":60.52626623443413,"yaw":-88.05298,"pitch":32.699497,"world":"world"},"18":{"x":32.24641542515052,"y":38.0,"z":28.421158638348977,"yaw":111.29907,"pitch":8.699464,"world":"world"},"19":{"x":15.67961625557361,"y":44.0,"z":42.45401303304426,"yaw":-112.35156,"pitch":34.79945,"world":"world"},"20":{"x":17.21919575335612,"y":47.0,"z":34.451312768878914,"yaw":106.197876,"pitch":30.599403,"world":"world"},"21":{"x":31.39771419802777,"y":47.0,"z":39.77639969999847,"yaw":25.196655,"pitch":14.99937,"world":"world"},"22":{"x":2.3778256050270943,"y":58.0,"z":39.73183611635038,"yaw":15.314453,"pitch":14.399347,"world":"world"},"23":{"x":21.4188724753188,"y":58.0,"z":35.53584275134238,"yaw":63.91504,"pitch":-0.45065546,"world":"world"},"24":{"x":6.7544697364153725,"y":66.0,"z":58.205819556610315,"yaw":-139.78906,"pitch":0.44936395,"world":"world"},"25":{"x":3.627282570695765,"y":81.0,"z":49.5755619695193,"yaw":-26.39209,"pitch":26.69939,"world":"world"},"26":{"x":22.689653515891983,"y":87.0,"z":57.1870702630315,"yaw":-166.49133,"pitch":13.349357,"world":"world"},"27":{"x":9.620070120625838,"y":89.0,"z":59.591611925731954,"yaw":-111.59363,"pitch":-9.000646,"world":"world"},"28":{"x":14.375155164533934,"y":100.0,"z":50.48180665880874,"yaw":88.50403,"pitch":21.299412,"world":"world"},"29":{"x":31.4259992438389,"y":103.0,"z":47.56603616191824,"yaw":-11.697266,"pitch":-0.90057546,"world":"world"},"30":{"x":9.43726154921473,"y":102.0,"z":29.43696915418098,"yaw":-30.439941,"pitch":1.9493951,"world":"world"},"31":{"x":5.426190615193568,"y":110.0,"z":52.38586058446984,"yaw":123.60925,"pitch":21.899424,"world":"world"},"32":{"x":32.480912580486056,"y":122.0,"z":52.21097954653932,"yaw":178.85011,"pitch":27.749966,"world":"world"},"33":{"x":35.56570783941386,"y":122.0,"z":16.53063405658416,"yaw":-42.55025,"pitch":26.250002,"world":"world"},"34":{"x":46.52388975215693,"y":122.0,"z":34.61094351295387,"yaw":2.14977,"pitch":12.150039,"world":"world"},"35":{"x":43.42893022399378,"y":113.0,"z":22.555690881173483,"yaw":-5.800155,"pitch":-0.14998527,"world":"world"},"36":{"x":19.795828795220444,"y":127.0,"z":43.40370193804732,"yaw":-104.800285,"pitch":22.050035,"world":"world"},"37":{"x":14.738545030435473,"y":129.0,"z":19.727664575821628,"yaw":-47.94992,"pitch":23.550007,"world":"world"},"38":{"x":41.310311036218955,"y":143.0,"z":30.372116578057973,"yaw":101.59909,"pitch":24.599972,"world":"world"},"39":{"x":22.469313811012405,"y":144.0,"z":62.470831760400806,"yaw":118.94999,"pitch":6.1500044,"world":"world"},"40":{"x":33.976502489904526,"y":151.0,"z":19.17415711926197,"yaw":-114.1501,"pitch":19.650038,"world":"world"},"41":{"x":38.56845397669343,"y":160.0,"z":48.698792671893315,"yaw":-47.09906,"pitch":22.350107,"world":"world"},"42":{"x":21.818456669366462,"y":164.0,"z":55.499126990510355,"yaw":-90.44931,"pitch":14.250117,"world":"world"},"43":{"x":24.60216612170268,"y":167.0,"z":41.30814489119426,"yaw":163.19788,"pitch":13.800176,"world":"world"},"44":{"x":26.65620205097273,"y":178.0,"z":57.487514916486546,"yaw":-95.399414,"pitch":15.150197,"world":"world"},"45":{"x":9.579513916860412,"y":183.0,"z":26.52849131441052,"yaw":39.298462,"pitch":12.000208,"world":"world"},"46":{"x":2.84957527813762,"y":182.0,"z":54.45604079757073,"yaw":-85.8031,"pitch":0.9002464,"world":"world"},"47":{"x":13.481073613911201,"y":185.0,"z":38.82385226101915,"yaw":-21.603516,"pitch":11.70027,"world":"world"},"48":{"x":23.123290187973844,"y":200.0,"z":49.452201292124016,"yaw":84.29883,"pitch":11.700258,"world":"world"},"49":{"x":31.474351525131077,"y":203.0,"z":46.71228922088318,"yaw":1.7939453,"pitch":15.9003315,"world":"world"},"50":{"x":4.696157705213558,"y":192.0,"z":51.330673384847465,"yaw":-145.05566,"pitch":14.850398,"world":"world"},"51":{"x":21.284251231101337,"y":209.0,"z":46.79355228012419,"yaw":45.288574,"pitch":10.650446,"world":"world"},"52":{"x":13.161878975450861,"y":217.0,"z":59.313060509548016,"yaw":107.83667,"pitch":5.700463,"world":"world"},"53":{"x":19.26286309013817,"y":223.0,"z":50.54489015327634,"yaw":69.43286,"pitch":-1.7995604,"world":"world"},"54":{"x":29.233384252565983,"y":224.0,"z":38.52469436217704,"yaw":74.83258,"pitch":-3.1495614,"world":"world"},"55":{"x":11.727282443291017,"y":225.0,"z":21.65407820968963,"yaw":-34.817017,"pitch":11.700453,"world":"world"},"56":{"x":11.684613753572474,"y":240.0,"z":28.273580658333877,"yaw":-156.61768,"pitch":3.3004436,"world":"world"},"57":{"x":28.702783463457138,"y":244.0,"z":36.28612496792497,"yaw":-154.66838,"pitch":10.650493,"world":"world"},"58":{"x":25.115428610622825,"y":247.0,"z":31.42362446898876,"yaw":106.181274,"pitch":25.500517,"world":"world"},"59":{"x":12.628264295748833,"y":248.0,"z":19.539026855918213,"yaw":-89.56851,"pitch":16.80062,"world":"world"},"60":{"x":11.63684850403867,"y":259.0,"z":16.83395604970618,"yaw":1.0297241,"pitch":15.300686,"world":"world"},"61":{"x":11.439949449178537,"y":266.0,"z":34.308339744668,"yaw":176.38007,"pitch":19.950695,"world":"world"}},"beacons":{"world:12.5,247.5,19.5":59,"world:33.5,150.5,19.5":40,"world:31.5,202.5,46.5":49,"world:28.5,-55.5,32.5":3,"world:9.5,101.5,29.5":30,"world:35.5,121.5,16.5":33,"world:40.5,-21.5,27.5":6,"world:43.5,112.5,22.5":35,"world:38.5,159.5,48.5":41,"world:21.5,208.5,46.5":51,"world:13.5,216.5,59.5":52,"world:23.5,199.5,49.5":48,"world:27.5,-14.5,35.5":7,"world:9.5,182.5,26.5":45,"world:21.5,57.5,35.5":23,"world:41.5,142.5,30.5":38,"world:31.5,46.5,39.5":21,"world:18.5,-12.5,40.5":8,"world:23.5,20.5,19.5":16,"world:13.5,184.5,38.5":47,"world:36.5,-0.5,16.5":12,"world:9.5,18.5,26.5":15,"world:23.5,-22.5,45.5":9,"world:7.5,-42.5,34.5":4,"world:11.5,239.5,28.5":56,"world:12.5,-60.5,9.5":2,"world:19.5,126.5,43.5":36,"world:14.5,128.5,19.5":37,"world:32.5,9.5,29.5":14,"world:46.5,121.5,34.5":34,"world:19.5,222.5,50.5":53,"world:14.5,99.5,50.5":28,"world:11.5,258.5,16.5":60,"world:22.5,143.5,62.5":39,"world:45.5,-2.5,27.5":11,"world:26.5,177.5,57.5":44,"world:2.5,57.5,39.5":22,"world:21.5,163.5,55.5":42,"world:12.5,-48.5,-53.5":1,"world:32.5,121.5,52.5":32,"world:29.5,223.5,38.5":54,"world:5.5,109.5,52.5":31,"world:17.5,2.5,31.5":13,"world:25.5,246.5,31.5":58,